filename,code,confidence,note
unread_1789194166668.png,02102,high,подтверждено пользователем
unread_1789638670376.png,02112,high,подтверждено пользователем
unread_1789638673422.png,02112,high,подтверждено пользователем
unread_1789638676323.png,02112,med,та же капча что 70376 (+3с)
unread_1789757495921.png,83125,low,4 глифа видно один скрыт
unread_1789757498823.png,83125,low,дубль той же капчи
unread_1789757501922.png,83125,low,дубль той же капчи
unread_1789757504822.png,83125,low,дубль той же капчи
unread_1789757507823.png,83125,low,дубль той же капчи
wrong_c36_23276_1788517246338.png,22118,low,коричневый глиф неясен
wrong_c45_76620_1788881985761.png,96602,low,2 глифа скрыты линиями
wrong_c47_49380_1788882123114.png,46688,low,плохо видно
wrong_c56_27029_1788882323015.png,91019,med,
wrong_c62_78385_1789456136867.png,18385,med-high,1 8 3 8 5 читаются ясно
wrong_c64_87704_1788881992511.png,87104,med,8 7 1 0 4
wrong_c68_59760_1789194164019.png,57190,low,средние цифры неясны
wrong_c70_16355_1788881986510.png,46355,med-low,первая 4 или 1
wrong_c73_12693_1789562774223.png,12693,med,совпало с отправленным (таймаут?)
wrong_c73_35944_1788882123114.png,56948,low,первые две неясны
wrong_c73_79589_1788614833948.png,78588,low,
wrong_c75_22174_1788881934662.png,22114,high,подтверждено пользователем
wrong_c75_59911_1789194275221.png,39911,low,первая 3 или 5
wrong_c76_66020_1789259801817.png,66520,med-low,средняя 5 или 6
wrong_c76_71606_1789757561026.png,71606,low,возможно совпало с отправленным
wrong_c77_68483_1788881866357.png,69487,low,
wrong_c77_96284_1789260269864.png,96284,med,совпало с отправленным (таймаут?)
wrong_c78_45962_1788881934714.png,45982,med-low,последняя 2 или 6
wrong_c78_57314_1788882500461.png,57311,low,последняя 1 или 4
wrong_c78_65837_1788533539533.png,65817,med,4-я 1 (отправили 3)
wrong_c78_94359_1788521881456.png,94659,low,средняя 6 или 3
wrong_c79_13185_1789194215420.png,13185,med,совпало с отправленным (таймаут?)
wrong_c80_10176_1788522030560.png,10176,med,совпало с отправленным (таймаут?)
wrong_c80_49617_1789638670922.png,46217,low,
wrong_c81_13489_1789259936829.png,18489,low,средние неясны
wrong_c82_59707_1789639636067.png,56702,med,последняя 2 (отправили 7)
wrong_c82_66434_1789194226573.png,66434,med,совпало с отправленным (таймаут?)
wrong_c83_31977_1788518829437.png,92617,low,
wrong_c83_61041_1788881844411.png,81054,low-med,
wrong_c84_53196_1789194314322.png,53196,low-med,возможно совпало с отправленным
wrong_c84_73423_1788882122612.png,13023,low,первая 1 или 7
wrong_c85_14240_1790343732871.png,41250,low,первая 4 или 6
wrong_c85_97601_1788518752035.png,97607,med,последняя 7 (отправили 1)
wrong_c85_98124_1788517250389.png,98124,med,совпало с отправленным (таймаут?)
wrong_c86_11197_1790343733317.png,11797,low-med,
wrong_c86_71425_1789456101012.png,71425,med,совпало с отправленным (таймаут?)
wrong_c86_99333_1789638741073.png,99333,low,возможно совпало
wrong_c87_68081_1790343734868.png,68087,med-high,последняя 7 (отправили 1)
wrong_c87_94587_1788708713243.png,94561,low,4-я 6 или 8
wrong_c88_44068_1788614833143.png,44068,med,совпало с отправленным (таймаут?)
wrong_c89_23487_1788521953651.png,34487,low,первые две неясны
wrong_c89_32429_1789458648351.png,62604,low,тяжелая
wrong_c89_50720_1789259936062.png,30022,low,первая 3 или 5
wrong_c89_58545_1789456100704.png,38545,low-med,первая 3 или 5
wrong_c89_76447_1789906785543.png,76477,med-low,4-я 7 или 1
wrong_c89_84327_1789456136221.png,84327,med,совпало с отправленным (таймаут?)
wrong_c90_17625_1788517208087.png,17625,med,совпало с отправленным (таймаут?)
wrong_c90_76006_1789639837239.png,16006,low-med,первая 1 или 7
wrong_c91_20632_1788882120214.png,20652,low-med,4-я 5 или 3
wrong_c91_57749_1788521879167.png,77441,low,
wrong_c92_04790_1790343736867.png,04790,high,подтверждено пользователем
wrong_c92_71809_1788882529311.png,71809,low,возможно совпало
wrong_c93_10093_1789259802863.png,10093,med,совпало с отправленным (таймаут?)
wrong_c93_42864_1788882554712.png,42864,med,совпало с отправленным (таймаут?)
